{
  "metadata": {
    "n_games": 1000,
    "p1_wins": 423,
    "p2_wins": 414,
    "n_truncated": 163,
    "avg_turns_per_game": 152.19,
    "total_decisions": 587553,
    "main_phase_decisions": 579553,
    "setup_phase_decisions": 8000,
    "wall_clock_seconds": 36.15898513793945,
    "seed_offset": 0
  },
  "BASE_WR_HEUR_SELF": {
    "p1_seat": 0.423,
    "p2_seat": 0.414,
    "symmetrised": 0.4185
  },
  "BASE_TOP1_FREQ": {
    "type_modal_action": 2,
    "type_top1_accuracy": 0.5055051047962826
  },
  "BASE_NLL_FREQ": {
    "type": 1.4299962769887822
  },
  "main_type_marginal": {
    "4": 0.13973872967614695,
    "2": 0.5055051047962826,
    "5": 0.17513497471327039,
    "10": 0.06403383297127269,
    "0": 0.052459395430616354,
    "1": 0.06312796241241095
  },
  "type_head_entropy_main": 1.4299962769887822,
  "corner_head_entropy_main": 3.9519050770698883,
  "edge_head_entropy_main": 4.266624246207277,
  "tile_head_entropy_main": 2.8757760047899166,
  "resource1_head_entropy_main": 1.595698154098824,
  "resource2_head_entropy_main": 1.5312732933120423,
  "setup_corner_entropy": 3.157147928456749,
  "setup_edge_entropy": 3.6991070274909363,
  "main_type_counts": {
    "0": 30403,
    "1": 36586,
    "2": 292967,
    "4": 80986,
    "5": 101500,
    "10": 37111
  },
  "main_corner_counts": {
    "0": 1509,
    "1": 1583,
    "2": 1092,
    "3": 1638,
    "4": 1331,
    "5": 1180,
    "6": 1578,
    "7": 1166,
    "8": 1132,
    "9": 1251,
    "10": 1537,
    "11": 1687,
    "12": 981,
    "13": 1817,
    "14": 1349,
    "15": 950,
    "16": 1815,
    "17": 1476,
    "18": 943,
    "19": 1330,
    "20": 1330,
    "21": 883,
    "22": 1416,
    "23": 1174,
    "24": 1884,
    "25": 925,
    "26": 814,
    "27": 1339,
    "28": 1687,
    "29": 1121,
    "30": 1006,
    "31": 1129,
    "32": 1134,
    "33": 1824,
    "34": 1729,
    "35": 1345,
    "36": 650,
    "37": 597,
    "38": 1761,
    "39": 805,
    "40": 807,
    "41": 1455,
    "42": 788,
    "43": 1361,
    "44": 1232,
    "45": 1102,
    "46": 900,
    "47": 662,
    "48": 1312,
    "49": 1279,
    "50": 851,
    "51": 883,
    "52": 1032,
    "53": 1427
  },
  "main_edge_counts": {
    "0": 4413,
    "1": 3900,
    "2": 4880,
    "3": 4043,
    "4": 4406,
    "5": 4629,
    "6": 4473,
    "7": 4797,
    "8": 4437,
    "9": 4120,
    "10": 4575,
    "11": 4663,
    "12": 5163,
    "13": 4833,
    "14": 3962,
    "15": 4187,
    "16": 4118,
    "17": 4593,
    "18": 4437,
    "19": 4181,
    "20": 4913,
    "21": 4348,
    "22": 4016,
    "23": 4412,
    "24": 4331,
    "25": 4249,
    "26": 3992,
    "27": 4704,
    "28": 4686,
    "29": 3700,
    "30": 4106,
    "31": 3937,
    "32": 4150,
    "33": 4205,
    "34": 4155,
    "35": 4099,
    "36": 4349,
    "37": 3548,
    "38": 3588,
    "39": 4792,
    "40": 4057,
    "41": 4700,
    "42": 4313,
    "43": 3919,
    "44": 2294,
    "45": 3817,
    "46": 3552,
    "47": 4088,
    "48": 3726,
    "49": 4404,
    "50": 4194,
    "51": 2775,
    "52": 4125,
    "53": 3986,
    "54": 2976,
    "55": 3881,
    "56": 4354,
    "57": 3303,
    "58": 3852,
    "59": 2518,
    "60": 3985,
    "61": 3947,
    "62": 3742,
    "63": 4330,
    "64": 3832,
    "65": 4714,
    "66": 2773,
    "67": 3808,
    "68": 3576,
    "69": 3414,
    "70": 3970,
    "71": 2952
  },
  "main_tile_counts": {
    "0": 4028,
    "1": 3171,
    "2": 2535,
    "3": 2938,
    "4": 2870,
    "5": 2780,
    "6": 2855,
    "7": 2879,
    "8": 3403,
    "9": 3720,
    "10": 4923,
    "11": 4156,
    "12": 4950,
    "13": 4075,
    "14": 5100,
    "15": 4788,
    "16": 6450,
    "17": 5463,
    "18": 9902
  },
  "main_resource1_counts": {
    "0": 8378,
    "1": 5826,
    "2": 8339,
    "3": 6055,
    "4": 8513
  },
  "main_resource2_counts": {
    "0": 5058,
    "1": 10017,
    "2": 6379,
    "3": 11670,
    "4": 3987
  },
  "setup_corner_counts": {
    "0": 173,
    "1": 141,
    "2": 138,
    "3": 163,
    "4": 166,
    "5": 128,
    "6": 143,
    "7": 220,
    "8": 221,
    "9": 128,
    "10": 140,
    "11": 216,
    "12": 155,
    "13": 240,
    "14": 175,
    "15": 107,
    "16": 221,
    "17": 144,
    "18": 152,
    "19": 121,
    "20": 198,
    "21": 169,
    "22": 186,
    "23": 154,
    "39": 1
  },
  "setup_edge_counts": {
    "0": 105,
    "1": 100,
    "2": 82,
    "3": 94,
    "4": 101,
    "5": 110,
    "6": 97,
    "7": 107,
    "8": 98,
    "9": 119,
    "10": 98,
    "11": 85,
    "12": 101,
    "13": 90,
    "14": 157,
    "15": 80,
    "16": 113,
    "17": 77,
    "18": 96,
    "19": 126,
    "20": 89,
    "21": 120,
    "22": 73,
    "23": 48,
    "24": 153,
    "25": 128,
    "26": 73,
    "27": 61,
    "28": 104,
    "29": 141,
    "30": 70,
    "31": 96,
    "32": 102,
    "33": 41,
    "34": 109,
    "35": 81,
    "36": 118,
    "37": 71,
    "38": 58,
    "39": 121,
    "40": 60,
    "41": 46,
    "57": 1
  },
  "schema": {
    "N_ACTION_TYPES": 13,
    "N_VERTICES": 54,
    "N_EDGES": 72,
    "N_TILES": 19,
    "N_RESOURCES": 5,
    "resource_order": [
      "WOOD",
      "BRICK",
      "WHEAT",
      "ORE",
      "SHEEP"
    ]
  }
}
